Chemical_ID,PDB_ID,Protein_Name
7MP,2HIW,Abl
IR2,6GIN,ACVE1
A5Y,6DUM,ALDH1A1
M39,5TEI,ALDH1A1
P9J,3P9J,AURKA
P9J,3W16,AURKA
6MV,5JRS,BTK
7G7,5P9H,BTK
2V2,4OTQ,BTK
6XL,5KUP,BTK
7G6,5P9G,BTK
2V3,4OTR,BTK
GMW,6HRT,BTK
3OV,4RFZ,BTK
73T,5T18,BTK
GMQ,6HRP,BTK
KLM,6NFH,BTK
38M,3F9N,Chk1
9XK,5OKT,CSNK1D
FQC,5EAF,CYP51
LM7,6O5J,DAD2
B6N,6EIS,DYRK1A
3LH,4WD5,EGFR T790M
F62,5GMP,EGFR T790M
WQQ,5ABW,ELA2
C07,4G2F,EphA3
H21,2VVV,FXa
LZH,2VWL,FXa
455,2XBW,FXa
IVK,2XC4,FXa
RR8,2XBX,FXa
OYJ,2XC5,FXa
H22,2VVU,FXa
LZG,2VWO,FXa
XBV,2XBV,FXa
H25,2VWN,FXa
8NC,2XC0,FXa
LZF,2VVC,FXa
FXA,3CEN,FXa
230,2PHB,FXa
L1D,2W3K,FXa
ME1,2P93,FXa
LZI,2VWM,FXa
ME5,2P95,FXa
ME4,2P94,FXa
L1C,2W3I,FXa
6ZQ,5L1E,GluA2
6ZP,5L1F,GluA2
HR1,2Q6C,HMGCR
92X,5YWK,HPPD
94L,5YY7,HPPD
94L,5YY6,HPPD
9G4,4D0S,InhA
41I,4D0R,InhA
MOV,6OIM,KRAS
OHY,6PGP,KRAS
AM9,3BYO,Lck
353,6SDD,Met
1FN,3CE3,Met
353,3F82,Met
L1X,4EEV,Met
17G,4JSX,mTOR
ORH,3KWB,p38a
AA0,4AA0,p38a
QC0,4AA4,p38a
AAV,4AAC,p38a
NQB,4AA5,p38a
222,2I0H,p38a
F4C,3K3J,p38a
0OK,4EH2,p38a
I45,3HLL,p38a
29A,3ROC,p38a
IY1,6O9E,p66rt
3QI,4ANP,PAH
6BZ,5IME,PAK1
QLN,6Q9N,PBP2a
QNZ,4CJN,PBP2a
PVM,6U36,PCSK9
4PX,5C2H,PDE10A
4PX,5DH4,PDE10A
4PX,4ZO5,PDE10A
4PX,5C2E,PDE10A
4Q0,4ZO5,PDE10A
D71,3G4I,PDE3D
D71,3G4G,PDE3D
TC8,3G3N,PDE7A
NRF,5MOG,PDS1
ZZQ,2WXQ,PI3Kd
68R,5I6U,PI3Kd
S30,2WXI,PI3Kd
40L,4XE0,PI3Kd
IC8,2X38,PI3Kd
ZZN,2WXG,PI3Kd
ZZO,2WXH,PI3Kd
039,2WXF,PI3Kd
EO5,6G6W,PI3Kd
67T,5I4U,PI3Kd
039,2CHW,PI3Kg
76C,5T7F,PIK3d
77C,5T8I,PIK3d
7KA,5M6U,PIK3d
1FN,6OKO,RIPK3
PFA,1N46,THRB
5U4,5F20,Tyk2
KZJ,6NSL,Tyk2
JW7,4BTW,VAP1
WF8,4BTX,VAP1
JWF,4BTY,VAP1
C52,3CPC,Vegfr
C19,3CP9,Vegfr
03P,3RCD,Erbb2
03P,3POZ,EGFR
03P,3W2O,EGFR
03Q,3PP0,Erbb2
048,3UVP,p38a
04K,3PJ2,BTK
04T,4H80,Aldh3A1
066,3GWT,Pde4B
06F,3UVR,p38a
071,3KB7,Plk1
07J,3TT0,Fgfr1
0F0,3V6S,JNK3
0F4,3V5Q,Ntrk3
0HV,4DBS,Akr1C3
0JF,4DCE,Alk
0KO,4DK5,Pik3g
0N5,4E1K,Glmu
0SB,4F4P,Syk
0TO,4FEX,Abaye3578
0UN,5X2K,EGFR
0UN,3IKA,EGFR
0VE,4FYN,Syk
0VF,4FYO,Syk
0VG,4FZ6,Syk
0VH,4FZ7,Syk
0VU,4FUL,Pik3g
0WM,4G5J,EGFR
0WN,4G5P,EGFR
0WN,4G5J,EGFR
0X3,4ZQD,Arnt
0X3,4GHI,Epas1
0XB,4GS9,Epas1
0XF,4GFG,Syk
0XG,4GRB,CK2
10Z,4H58,Braf
11V,4O2P,Src
13K,3TJP,Pik3g
14K,4FLH,Pik3g
16K,4EK8,Cdk2
16X,2X4F,Mylk4
17C,4IJ1,Trpd
17C,3QQS,Trpd
185,1SUQ,HIVrt
18K,3SW4,Cdk2
19K,3SW7,Cdk2
19T,4MYQ,Pde4B
1BM,2HK5,Hck
1BU,3F3W,Src
1BU,3GCQ,p38a
1BU,3F3V,Src
1FV,6QAU,Ulk2
1FV,4IWQ,Nak
1FV,4IM0,Nak
1H4,4IWO,Tbk1
1J3,4J52,Plk1
1J4,4J53,Plk1
1N6,4JX7,Pim1
1N9,2OFU,Lck
1RE,4KKO,HIVrt
1S8,4KNR,Glmu
1S9,4KNX,Glmu
1WY,4LI5,EGFR
20K,4FKO,Cdk2
23D,2CDZ,PAK4
23D,2F57,PAK7
23D,6GUF,Cdk2
24A,2BDF,Src
24V,4TTH,Cdk6
255,2R9S,JNK1
279,2RG5,p38a
287,2RG6,p38a
2A6,1H1Q,Cdk2
2A8,3ZYA,p38a
2AN,4N3E,Hyp1
2AN,4A8V,Betv1J
2AN,3CFN,TTR
2AN,4A80,Betvia
2AN,4A86,Betvia
2AN,3PXQ,Cdk2
2AN,2WOR,S100A7
2AN,6AWR,PR10a
2AN,2ANS,Fabp4
2AN,3PXF,Cdk2
2AN,3PXZ,Cdk2
2AN,1TXC,SPE16
2AN,5AUT,Dapk1
2AN,3WBG,Fabp3
2AN,3PY1,Cdk2
2AN,1EYN,murA
2AN,4A81,Betvia
2AN,1OW4,pheromone
2AN,4EZ7,Cdk2
2KC,4NFN,Ttbk1
2KR,4P1R,Pde10A
2NL,4P72,Phet
2O5,4NW7,Pde4B
2P5,4NWM,BTK
2P7,4AN9,MEK1
2UG,4PH4,Pik3C3
2UY,4OP3,Gckr
2V1,4OT6,BTK
2V3,4OTR,BTK
2V6,4ORM,Pff0160C
2V6,4OQV,Dhodh
2V6,4ORI,Dhodh
2VL,4OTF,BTK
2VL,5P9F,BTK
2X6,4PX6,Syk
31Y,4PMT,TrkA
32W,4BB4,Ephb4
349,3ET7,FAK2
34W,4QMV,Stk24
34W,6QAS,Ulk1
34W,5VD2,Wee1
37O,4QQC,Fgfr4
37O,4QQ5,Fgfr4
37Q,4QPS,Jak3
38K,4QSM,Ldha
38P,3MVL,p38a
38Q,4QT0,Ldha
390,6OPK,ERK2
390,4QTE,ERK2
39P,3MVM,p38a
3BJ,4QRD,mtrna
3BM,3EQC,MEK1
3D8,4U43,HGK
3D9,4U44,HGK
3DC,4U45,HGK
3EW,4U7Z,MEK1
3EY,4U81,MEK1
3FF,3QUE,P38a
3I6,4BGH,Cdk2
3JZ,3FZR,FAK2
3LI,3STR,Pdf
3NG,3PE1,CK2
3NG,6P5S,Hipk2
3NG,6FYV,Clk4
3NG,6HMB,CK2
3NG,6FYP,Clk3
3NG,6FYL,Clk2
3NG,5O11,Pim1
3NG,6KHD,Clk1
3NG,6KHF,Clk3
3NG,6KHE,Clk2
3NG,6ISJ,CK2
3NG,6K3L,CK2
3NG,3NGA,CK2
3NV,3NUX,Cdk6
3O4,4BBE,Jak2
3OR,3ORN,MEK1
3OS,3OS3,MEK1
3OU,4RFY,BTK
3OV,4RFZ,BTK
3P0,4RG0,BTK
3QS,4RJ8,EGFR
3QS,4RJ3,Cdk2
3QW,4RJ4,EGFR
3QY,4RJ5,EGFR
3R0,4RJ6,EGFR
3R1,4RJ7,EGFR
3TA,3THB,Plk1
3WK,4X2G,ALK5
3WN,4X2J,ALK5
3WO,4X2K,ALK5
3YT,5UT2,Jak2
3YT,4RX9,Syk
3YV,4RX7,Syk
3YX,4RX8,Syk
406,2E2B,Abl1
40M,4XCU,Fgfr4
447,2VRX,Aurkb
44C,2FBR,TTR
481,4OT5,BTK
4BM,3EQG,MEK1
4BM,3VVH,MEK1
4CV,4YFF,Tnni3K
4CW,4YFI,Tnni3K
4DF,4YJO,Syk
4DJ,4YJR,Syk
4DK,4YJQ,Syk
4DL,4YJP,Syk
4DN,4YJS,Syk
4DO,4YJU,Syk
4DQ,4YJT,Syk
4EF,4YHT,Braf
4FR,3DBE,Plk1
4GU,4GU9,FAK
4K4,4YZM,Roco4
4K4,5VBO,Brd4
4K4,5OQ6,Chk1
4K4,5OOT,Chk1
4K4,5OQ5,Chk1
4K4,5WA5,Brd4
4K5,4YZN,Roco4
4KT,5AX9,TNIK
4LH,4Z16,Jak3
4LI,3SVJ,Pdf
4MG,4RSS,Syk
4QB,1RWN,CASP1
4RJ,4ZTR,Aurka
4RK,4ZTS,Aurka
4SP,6BSS,Jak2
4SP,5LQF,Cdk1
4SP,1H1S,Cdk2
4SP,4EOK,Cdk2
4SP,2IW9,Cdk2
4SP,4EOR,Cdk2
4SP,5M57,Nek2
4SP,2IW8,Cdk2
4SP,2C6O,Cdk2
4T9,4C4E,TTR
4UQ,5BPY,BTK
4WE,5BYZ,ERK5
4WG,5LRQ,Brd4
4WG,5BYY,ERK5
4YV,5C8K,EGFR
4YW,5C8M,EGFR
4YX,5C8N,EGFR
4Z8,5CAL,EGFR
4ZB,5CAN,EGFR
4ZG,5CAO,EGFR
4ZH,5CAP,EGFR
4ZJ,5CAQ,EGFR
4ZQ,5CAV,EGFR
4ZQ,5CAS,EGFR
4ZR,5CAU,EGFR
50D,5CEO,DLK
50H,5C26,Syk
50J,5C27,Syk
51W,5CI7,Ulk1
55S,5CYI,Cdk2
584,5WIK,Jak2
584,5D9K,Rsk2
58C,5D7A,TNIK
58V,5DA3,Ptk6
59B,5DCZ,Tnks2
59L,4ZOF,Trpd
5BS,6BRW,Jak2
5BS,5DH3,Stk3
5C4,5DL4,Esr1
5C6,5DKS,Esr1
5C9,5DKB,Esr1
5CC,5DK9,Esr1
5DG,5DMF,Esr1
5E4,5DQE,Tead2
5EA,1S9I,MEK2
5ES,5DP0,Esr1
5EV,5DT2,Dot1L
5EW,5DSX,Dot1L
5FR,3DBF,Plk1
5MS,3EXO,Bace1
5NW,5EH0,TTR
5O1,5EHO,TTR
5O7,5EI2,TTR
5OE,5EI8,TTR
5OQ,5EI6,TTR
5Q3,5EM6,EGFR
5Q4,5EM7,EGFR
5Q4,5EM8,EGFR
5QS,5ENN,Pik33
5T8,5F00,Bace1
5UU,5WFO,Hras
5UV,5WFQ,Hras
5UX,5WFP,Hras
5UY,5F4N,Chk1
5XJ,5FD2,Braf
5Y0,4AN3,MEK1
5Y2,5H8B,CK2
5Y3,5H8E,CK2
5Y4,5H8G,CK2
60B,5HCX,EGFR
60D,5HCY,EGFR
60E,5HCZ,EGFR
61L,4ZOJ,Trpd
62L,4ZOK,Trpd
633,5HG5,EGFR
636,4GIU,Trpd
63N,5HIC,EGFR
64Q,5HQ5,Brd4
658,5V03,SK2
65B,1SV5,HIVrt
65B,3M8P,HIVrt
65B,3MEC,HIVrt
65B,3MED,HIVrt
664,4A4O,Plk1
683,4GKM,Trpd
685,3EMG,Syk
69Q,5I96,Idh2
6AE,5IEY,Cdk2
6AF,5IEX,Cdk2
6CA,2FLM,TTR
6CP,1H1R,Cdk2
6DC,5ITA,Braf
6GE,5J79,Ripk2
6H4,5J8I,TAK1
6HF,5J9L,TAK1
6J3,5L4I,TTR
6J3,6GNR,TTR
6JS,5JEB,EGFR
6LP,5JMS,Cdpk1
6O2,5L6H,Uba1
6P6,5L6O,Ephb3
6P8,5L6P,Ephb3
6P9,5JSG,Spin1
6PD,5JSJ,Spin1
6PT,5K1I,Pde4D
6PV,5K00,Melk
6Q2,5K32,Pde4D
6Q4,5K3Y,Aurkb
6T5,5KH9,Hdac6
6U7,5KKR,Ksr
6UX,5KNJ,Mlkl
6XK,5KU8,CK2
6XL,5KUP,BTK
6XT,5KWH,CK2
6Z2,5KZ7,Mark2
6Z5,5KZ8,Mark2
6Z7,4D2P,Melk
6ZV,5L2S,Cdk6
6ZZ,5L2T,Cdk6
72L,5NEV,Cdk2
741,3F5P,Igf1R
746,3OCS,BTK
746,4Y93,BTK
746,4Y95,BTK
748,5GRN,Pdgfra
77V,5T68,Syk
78L,5TBE,p38a
78Z,5TBO,Pff0160C
79C,5TA8,Plk1
79C,5VBP,Brd4
79D,5TA6,Plk1
79Q,5TCO,p38a
7A7,5LXD,Dyrk2
7AA,5LXC,Dyrk2
7CE,4C4F,TTR
7DJ,5TKB,Pde4D
7DZ,5UU1,Vrk2
7DZ,5UVF,Vrk1
7G6,5P9G,BTK
7G7,5P9H,BTK
7GG,5M55,Nek2
7GJ,5M53,Nek2
7GL,5TKD,Tyk2
7HK,4FTU,Chk1
7KD,5MAH,Melk
7KF,5TT7,Syk
7KW,4C3F,Lck
7LS,5MEM,Pygm
7MY,5TX3,Melk
7O3,5MJA,Ephb1
7P1,5BO2,Trpd
7P2,5BO3,Trpd
7P3,5BNE,Trpd
7PY,2ETM,FAK
7RO,5AP5,TTR
7RO,4C4G,TTR
7RO,4C4H,TTR
7X1,2VWU,Ephb4
7Z6,5X4Q,Bcl6
7ZF,5X4M,Bcl6
7ZL,5X4N,Bcl6
7ZO,5X4P,Bcl6
7ZV,5U72,Mr1
80L,5X9P,Bcl6
80R,5X9O,Bcl6
855,3HMM,ALK5
8BM,5UGB,EGFR
8BM,5UGA,EGFR
8C5,3DPK,Csf1R
8E9,4CD1,Entpd2
8E9,4CD3,Entpd2
8GN,5N20,Bcl6
8H0,5XY1,Lyn
8HN,5N21,Bcl6
8LU,5Y25,EGFR
8LY,5USQ,ALK5
8M4,5UTE,KSHVp
8MA,5UTN,KSHVp
8MY,5UT6,Jak2
8N4,5UV3,KSHVp
8N4,5V5E,KSHVp
8NO,5Y5N,Sirt2
8OF,5Y4Q,Tc00
8OR,5Y5T,Syk
8OU,5Y5U,Syk
8OY,5UR3,KSHVp
8OY,5V5D,KSHVp
8PT,5N7V,TTR
8Q6,5MME,Cbp
8QE,5N93,TTR
8QZ,5NA0,TTR
8RC,5Y9T,EGFR
8S3,6AKW,Fto
8TM,5ALR,Ephx2
8X2,5NGU,ERK2
8X7,5VDK,Wee2
8X7,5VD0,Pkmyt1
8X7,5V5Y,Wee1
925,3KXZ,Lck
92M,3H9F,TTR
937,2YAC,Plk1
939,4A4L,Plk1
93J,5VCW,Pkmyt1
96M,5VC5,Wee1
97B,3H10,Aurka
981,5VEE,Pak4
98D,5VDA,Wee1
98G,5VD9,Wee1
98M,5VD8,Wee1
99J,5VD4,Wee1
99K,5NUD,Jtk2
99M,5VD5,Wee1
99V,5VD7,Wee1
9AJ,5VFI,BTK
9B1,5VGO,BTK
9BM,4BW3,Brd4
9BM,6DML,Brd4
9ES,5VND,Fgfr1
9FC,6JMF,Fes
9JO,5ZTO,EGFR
9KO,5ZXB,Tnk2
9M3,5ZZ4,BTK
9NH,3B2W,Lck
9RM,4D5H,FAK
9TO,6ACR,Acvr1
9VS,6MEP,Mer
9W1,5W49,Ahcy
9XG,5W88,P19429
9XG,5WCL,P19429
9YQ,5ONE,Aurka
9YS,5W85,Irak4
9YV,5W86,Jak3
9YY,5W84,Irak4
9ZP,4B6L,Plk3
A0H,2XNG,Aurka
A0T,5OP4,Chk1
A1K,5OP7,Chk1
A5B,5IA0,Epha2
AA2,1OEC,Fgfr2
ABZ,1S9G,HIVrt
AD5,5LJJ,TTR
AD5,2VGO,Aurkb
ADB,1S9E,HIVrt
AIZ,2B1P,JNK0
AM5,3BYS,Lck
AM6,3BYU,Lck
AM9,3BYO,Lck
AP9,2F2C,Cdk6
AQ1,5WI0,Nampt
AQ4,6DWN,Cyp1A1
AQ4,4HJO,EGFR
AQ4,1M17,EGFR
AQ6,6IQN,Ntrk1
AQB,3TZ7,Src
AQG,5WIJ,Jak2
AQG,6JGM,Cdk2
AQM,3TZ8,Src
AQU,3TZ9,Src
AQZ,2BAK,p38a
AQZ,4A9Y,p38a
AS6,2XVD,Ephb4
ASH,2XNE,Aurka
ASW,4G0U,Top2B
AU5,5AP3,TTR
AU5,5AP0,TTR
AVD,3CEM,Pygl
AYS,5Q1Z,Dclre1A
B1A,5Q28,Dclre1A
B1E,4RZW,Braf
B1E,4G9R,Braf
B1E,5HID,Braf
B5S,4UMQ,Melk
B5U,4B6C,Gyrb
B7B,6EIP,Dyrk1A
B90,3KF4,Abl1
B9K,6EKD,JNK3
BBM,1S9J,MEK1
BGE,6EMH,JNK3
BII,2JKM,FAK
BJG,4D1S,Jak2
BNB,6EP9,BTK
BNY,6AP8,D14
BNY,6AP7,Dad2
BPG,1QHI,UL23
BRA,3CE5,Tele
BT9,4DBU,Akr1C3
BTH,1RWO,CASP1
BX7,4JL9,Tbk1
BX7,4IM2,Tbk1
BX7,4IM3,Tbk1
BX7,4EUU,Tbk1
BX7,4IWP,Tbk1
BX7,6O8C,Tbk1
BX7,4EUT,Tbk1
BX7,6O8B,Tbk1
BX7,4IW0,Tbk1
BXM,6AUB,BTK
C0H,6EW6,Bcl6
C5N,5MRB,TTR
C5N,5O91,TTR
C6F,6JQR,Flt3
C87,6FDZ,Ulk3
CDK,2XMY,Cdk2
CF1,3HP9,Sbcb
CG4,4PV0,Syk
CG9,4PUZ,Syk
CJZ,3M1O,TTR
CK4,2C5V,Cdk2
CK4,1PXL,Cdk2
CK5,1PXM,Cdk2
CK6,1PXN,Cdk2
CK7,2WEV,Cdk2
CK7,1PXO,Cdk2
CK7,4B9D,Nek1
CK8,2C5N,Cdk2
CK8,1PXP,Cdk2
CQ3,4ZZO,ERK2
CQ7,6B4W,TTR
CQ8,4ZZN,ERK2
CQA,4FGZ,Pmt
CQA,2AOU,HNMT
CQA,4MWZ,Pvx
CQQ,3V6R,JNK3
CQU,3CQU,Akt1
CT7,1Y8Y,Cdk2
CT9,1Y91,Cdk2
CVE,6F6R,Casp1
CVK,6F76,Kras
CVN,6F78,Akr1C3
CVQ,6F7B,Bub1
D0A,6B8Y,ALK5
D0H,6F94,Acrb
D0K,6F96,Gyrb
D0V,6BAG,Ldha
D0Y,6BAD,Ldha
D1W,6FA4,Kras
D1Z,6FA3,Kras
D36,3R21,Aurka
D37,3R22,Aurka
D47,6BAZ,Ldha
D4A,6BB3,Ldha
D65,5BOO,Pff0160C
D65,4RX0,Pff0160C
D67,3SFK,Pff0160C
D6I,4BZD,Cdk2
D9H,3MMF,Ca2
DB8,5AJQ,Stk10
DB8,4MXX,Src
DB8,6OP9,Erbb3
DB8,5I9X,Epha2
DB8,4MXO,Src
DB8,5VCY,Pkmyt1
DB8,3UE4,Abl1
DB8,4QMN,Stk24
DB8,3SOA,Camk2A
DB8,4MXY,Src
DB8,4MXZ,Src
DB8,5VC3,Wee1
DB8,6FDY,Ulk3
DIF,4ZBQ,Alb
DIF,6HN0,Alb
DIF,1DVX,TTR
DIF,6HN1,Alb
DIF,4OJ4,Pparg
DIF,4UBS,Cyp28
DIF,5U1R,Mr1
DIF,2WEK,Zadh2
DIF,3N8Y,Ptgs1
DIF,4XTA,Pparg
DIF,5DBY,Alb
DIF,1PXX,Cox2
DIF,4ZBR,Alb
DIF,4Z69,Alb
DIF,1NR6,Cyp2c5
DIF,3CFQ,TTR
DIF,3IB0,Ltf
DIF,2B17,PLA2
DIF,1SV9,PLA2
DJK,2HWP,Src
DJK,3LOK,Src
DJK,4LQM,EGFR
DJK,2J5F,EGFR
DT1,2C6I,Cdk2
DT2,2C6K,Cdk2
DT4,2C6L,Cdk2
DT5,2C6M,Cdk2
DT5,2C6T,Cdk2
DTJ,6BIK,BTK
DTQ,5AMN,Ret
DTQ,3NYV,Cdpk1
DTQ,6U0K,Ttbk2
DTQ,4BTK,Ttbk1
DTQ,1DI8,Cdk2
DWF,4MXC,Met
DWG,6BL1,Idh1
DWH,3MNA,Ca2
DWP,6BKX,Idh1
DWS,6BL2,Idh1
DWT,6FNG,Epha2
DWT,6FNJ,Ephb4
DXH,6FNF,Epha2
DXH,6FNI,Ephb4
DY7,6BM7,Tb927
DYK,4D2R,Igf1R
DYK,4D2S,TTR
DZO,3E7V,Haspin
E1B,3PE2,CK2
E1D,6BP0,Vrk1
E5M,6BRU,Vrk1
E70,3HKC,ABT751
E7W,6FUI,Cfd
E86,3I60,ERK2
E88,6FUH,Cfd
E8D,6BTW,Vrk1
E94,4FV7,ERK2
E9Z,3QBN,Aurka
EA7,6CFM,Vrk1
EDJ,6BX6,Prkaa2
EK7,4FV4,ERK2
EKT,6G3C,Jak2
EQ7,6C8C,Q920Q2
EUI,4LMN,MEK1
EUI,4AN2,MEK1
EX1,6CD4,Brd4
F0H,6GJB,ERK2
F0V,6CHQ,Coad
F1S,4F1S,Pik3g
F1T,6GJG,Pff0160C
F2S,6CJ1,Brd4
F3J,6CIY,Brd4
F46,4L8M,p38a
F4A,6CJE,Mnk2
F4J,6CJY,Mnk2
F62,5GMP,EGFR
F67,6CK3,Mnk2
F6M,5X02,Flt3
F7D,6CMM,Vrk1
F87,6CNX,Vrk1
F8E,4BTM,Ttbk1
F8H,6GQM,Kit
F8K,6GQX,Kras
F8Q,6GQY,Kras
F8T,6GQW,Kras
F8Y,6CQH,Vrk1
F97,6CQF,HPK1
F9N,6GT1,Nek7
F9N,6H0O,Nek2
FB8,6GU7,Cdk1
FB8,6GUE,Cdk2
FB8,6GUH,Cdk2
FB8,6GU3,Cdk1
FBY,6CSW,Vrk1
FC8,6GU4,Cdk1
FC8,6GUK,Cdk2
FCS,6CNX,Vrk1
FFS,6CUO,Hras
FFV,6CUP,Hras
FFY,6CUR,Hras
FI3,4R5S,EGFR
FI3,4R6V,Fgfr4
FJI,5MTX,p38a
FJY,4FJY,Pik3g
FLF,1S2C,Akr1C3
FLF,3OZL,TTR
FLF,1BM7,TTR
FLF,4I5X,Akr1B10
FLF,5DQ8,Tead2
FLF,5IKV,Cox2
FLF,2PIX,AR
FLJ,6CZ3,Ptk6
FM7,3ZHZ,Dxr
FMM,1XKK,EGFR
FMW,6H3K,TTR
FNA,3S0B,OBP14
FND,6CJ1,Brd4
FOV,6D0B,Epas1
FPX,3TUD,Syk
FQ7,6D0W,TTR
FRT,2W05,Cdk2
FRV,2W06,Cdk2
FS8,3UVQ,p38a
FSS,3FSF,p38a
FTA,1PZP,TEM-1bla
FU9,3R0T,CK2
FZJ,6CKI,Mnk2
FZP,6D8E,EGFR
FZW,6HEY,Epha2
G02,6HEX,Epha2
G0E,6HEW,Epha2
G0H,6HES,Epha2
G0K,6HEV,Epha2
G0N,6HEU,Epha2
G0Q,6HET,Epha2
G3Z,5MMP,Gyrb
G5D,6DBK,Tyk2
G6J,6DD4,Vrk1
GJJ,6DI9,BTK
GK1,2ZAZ,p38a
GMQ,6HRP,BTK
GMW,6HRT,BTK
GRY,5QEG,Ptpn1
GRY,5QHX,Parp14
GV2,6HVH,Pfkfb3
GV5,6HVI,Pfkfb3
GV8,6HVJ,Pfkfb3
GW7,2R4B,Erbb4
GW8,4AOT,Stk10
H0S,5QGK,Nudt7
H82,6I8Z,FAK
H8H,5VD3,Pkmyt1
H8H,5VCX,Pkmyt1
H8H,2H8H,Src
H8H,4QMX,Stk24
H9Z,6IBX,Pfkfb3
HAK,6IC0,Pfkfb3
HAT,6IBY,Pfkfb3
HAW,6IBZ,Pfkfb3
HB9,5MTY,p38a
HDT,1OIT,Cdk2
HDY,1OIR,Cdk2
HET,2BDJ,Src
HG5,6Q3Y,Brd4
HG8,6Q3Z,Brd4
HHB,6Q4J,Cdk2
HKI,3W2Q,EGFR
HKI,2JIV,EGFR
HMW,6Q7E,Epha2
HNZ,6Q7F,Epha2
HO5,6Q7B,Epha2
HO8,6Q7G,Epha2
HOK,6Q7C,Epha2
HOT,6Q7D,Epha2
HPM,2C6E,Aurka
HUY,6E5G,Tead2
HVH,6QAV,Ulk2
HYZ,2RGP,EGFR
I0D,5MKY,Brd9
I19,2W17,Cdk2
I1P,1URW,Cdk2
IAQ,3T9T,Itk
IB1,5K14,HIVrt
IBI,5V67,Brd4
IBI,5VBR,Brdt
IBI,3FC2,Plk1
ID8,3R43,Akr1C3
ID8,4G2Z,Ltf
ID8,4JQA,Akr1C2
ID8,5IKR,Cox2
ID8,2XN3,Serpina7
IHJ,1U9X,CTSK
IHZ,3DKO,Epha7
IM9,2VV9,Cdk2
IPV,5KBQ,Pak1
ITI,3LZB,EGFR
IXH,3BEA,Tie2
IZG,3PP1,MEK1
J2T,4BO7,Fabg
J43,3MHO,Ca2
J45,3M40,Ca2
J4X,4CRG,F11
J4Z,3I68,Pff0160C
J5Z,3I6R,Pff0160C
J9D,6M9H,Jak2
J9G,6M9L,p38a
JHV,5QEB,Ptpn1
JIN,2HZI,Abl1
JJM,5QEI,Ptpn1
JJM,5QJL,Nudt5
JK2,3FI3,JNK2
JL2,6QY9,CK2
JLJ,4KO0,HIVrt
JMS,5IKQ,Cox2
JMS,4N6P,Ltf
JMS,4QKN,Fto
JMS,6IJX,Akr1C1
JMS,3R6I,Akr1C3
JNK,2EXC,JNK3
JQP,6MH1,Brd4
JQY,6MH7,Brd4
JWF,4BTY,Aoc3
JZ8,6E0B,Pff0160C
JZ8,3I65,Pff0160C
K9T,6RN8,Ripk2
KA2,6RNA,Ripk2
KE7,6N6O,TTR
KIM,3CJG,VEGFR2
KLM,6NFH,BTK
KR4,6NJI,Pde4D
KRD,6NJH,Pde4D
KSF,2ZM1,Lck
KSL,2ZYB,Lck
KSM,2ZM4,Lck
KWJ,6NPN,Vrk1
KZI,3AC1,Lck
KZJ,6NSL,Tyk2
KZL,3AC4,Lck
KZM,3AC5,Lck
KZP,6NSQ,Braf
L51,3HV4,p38a
L8V,3L8V,Met
L9A,6NZH,Tyk2
LB7,6NZP,Tyk2
LCJ,6Q0J,Braf
LCJ,6Q0T,Braf
LCJ,6PP9,Braf
LCJ,6NYB,Braf
LD9,6PMF,Dsba
LHL,3PJ1,BTK
LHL,3KMM,Lck
LI8,1Z5M,PDK1
LJF,3O51,Aurka
LQQ,2EUF,Cdk6
LQQ,5L2I,Cdk6
LUG,3EQB,MEK1
LUR,4IK6,TTR
LUR,4IIZ,TTR
LUR,4RRX,Cox2 V89W
LUR,4OTY,Ptgs2
LUR,4RRW,Cox2
LUR,4RRZ,Cox2 H90W
LZ4,2VTJ,Cdk2
M3K,4ARK,MEK1
M4M,3VI5,Hpgds
M8Z,6T29,Camk1D
M92,6T28,Camk1D
M9T,6T3B,Pik3g
M9T,6T2W,Csf1R
MBW,6T3C,Pik3g
MEK,3DV3,MEK1
MFP,1H07,Cdk2
MFQ,1H07,Cdk2
MH4,2XCK,PDK1
MK2,3KC3,MK2
MK3,3KA0,MK2
MMW,6T6F,Camk1D
MPZ,1Y57,Src
MRA,2P55,MEK1
MSQ,1DI9,p38a
MT4,3EFK,Met
MUH,2OSC,Tie2
MWB,3FSI,HIVrt
MWB,4OCD,DNA
MZO,3DQ0,Ckx1
N20,1OI9,Cdk2
N3F,3QUD,P38a
N41,1OIY,Cdk2
N42,5J87,BTK
N45,6CK6,Mnk2
N4D,3L8X,p38a
N4W,6TE6,Dot1L
N4Z,6TEL,Dot1L
N5K,6TEN,Dot1L
N66,5N87,TTR
N76,1OIU,Cdk2
N9G,6OVA,Tyk2
NFL,2WM3,Nmral1
NFL,1TD7,PLA2
NIL,5MO4,Abl1
NIL,3GP0,p38b
NIL,3CS9,Abl1
NJD,4NJD,Pak4
NK0,3S4Q,p38a
NU5,2G9X,Cdk2
NU6,5M51,Nek2
NVW,3W5E,Pde4B
NZF,4FNZ,Alk
NZS,3NZS,Pik3g
O17,3WYY,TTR
O19,4BBF,Jak2
O21,6P69,Fgfr1
O22,3VQU,TTR
O38,5AP4,TTR
O38,5AP1,TTR
O38,3WYX,TTR
OFL,1DVZ,TTR
OQB,1RWW,CASP1
OVJ,6POQ,Dsba
P01,2Z7S,RSK1
P01,2IZU,CSNK1G3
P01,1YOM,Src
P16,2FO0,Abl1
P16,1OPL,Abl1
P16,1OPK,Abl1
P16,2G2H,Abl1
P17,5IA3,Epha2
P17,1M52,Abl1
P1E,3H3C,Pyk2
P29,2PVM,CK2
P2B,3P2B,Pik3g
P2C,1U21,TTR
P37,3GFE,p38a
P38,3BV2,p38a
P39,3BV3,p38a
P44,2PVJ,CK2
P45,2PVK,CK2
P48,5VD1,Pkmyt1
P48,5VC6,Wee1
P48,2WIH,Cdk2
P49,2WIP,Cdk2
P55,2PVL,CK2
P5C,3FQE,Syk
P66,3ITZ,p38a
PDY,3A2C,MK2
PDY,3WBL,Cdk2
PFE,1KZ8,FBP1
PO5,3EID,Cdk2
POX,3BEL,EGFR
PQC,3QGW,Itk
PQC,3QGY,Itk
PRC,1FPU,Abl1
PVB,1V0P,CRK2
PVB,2X7G,Srpk2
PVB,6BL8,Abl1
PWU,5AP6,TTR
PWU,5AP2,TTR
Q1S,6U8L,Wdr5
QAG,6UL5,HIVrt
QIG,3GXL,ALK5
QL2,3I06,cruzain
QPC,3WD9,Pde4B
QQ2,2IW6,Cdk2
QV8,3QV7,Pyk
R0N,5IEV,Cdk2
R24,3HV5,p38a
R2C,2PRL,Dhodh
R48,3GCU,p38a
R49,3HV3,p38a
R4L,4B99,ERK5
R4L,6CD5,Brd4
R6D,6VOV,Syk
R78,2RKU,Plk1
R78,6BQQ,Camkk2
R78,6MF9,Cgd4
R78,5TCM,Ldbpk
R78,5VBQ,Brdt
R78,4O74,Brd4
R78,4OGI,Brd4
R78,4I5M,Plk2
RAJ,3BE2,VEGFR2
RAJ,2OO8,Tie2
RBS,2HWO,Src
RC0,5MW6,Bcl6
RGJ,5ANV,Nudt1
RLM,4BN7,Ytjd
RR1,1I3U,LLAMA
RYA,6VZH,Vrk1
S19,3SRV,Syk
S5B,4BW1,Brd4
S5B,4AKN,Brd2
SD1,3MNR,Hsp90A
SK4,3FRG,Pde4B
SR2,2QQ7,Src
SR2,2QLQ,Src
SS6,3GCV,p38a
ST8,1OGU,Cdk2
STI,2PL0,Lck
STI,6NPV,Abl1
STI,6NPU,Abl1
STI,6NPE,Abl1
STI,1XBB,SYK
STI,4CSV,tkas
STI,3PYY,Abl1
STI,3FW1,Nqo2
STI,6KTN,Pparg
STI,3HEC,p38a
STI,2HYY,Abl1
STI,1T46,Kit
STI,3MSS,Abl1
STI,3GVU,Abl2
STI,6HD4,Abl1
STI,3MS9,Abl1
STI,3OEZ,Src
STI,3K5V,Abl1
STI,4R7I,Csf1R
STI,1OPJ,Abl1
STI,2OIQ,Src
STI,1IEP,Abl1
STI,6HD6,Abl1
STI,4BKJ,DDR1
STI,5MQT,Dck
STJ,3K5V,Abl1
SVE,2X9E,TTR
SVE,5NTT,TTR
SVE,5AP7,TTR
T2A,3EOC,Cdk2
T3C,4BCP,Cdk2
T3C,4BCG,Cdk9
T3E,4BCK,Cdk2
T3E,4BCI,Cdk9
T5J,5ALJ,Ephx2
T6Q,4BCO,Cdk2
T6Q,4BCF,Cdk9
T7Z,4BCM,Cdk2
T7Z,4BCH,Cdk9
T95,3EQP,Ack1
T9N,4BCN,Cdk2
T9N,4BCJ,Cdk9
TCC,1NHW,Fabl
TJ3,5MWD,Bcl6
TJF,4BCQ,Cdk2
TLF,4G77,Ltf
TLF,6AP6,Dad2
TLF,5IKT,Cox2
U52,5MW2,Bcl6
U55,1JSV,Cdk2
U98,4BO3,Fabg
UI1,1SQA,PLAU
UI2,1SQO,PLAU
UT0,5MMG,Cbp
UTH,4BW2,Brd4
UWN,4FL6,L3Mbtl3
V04,3V04,MEK1
VRA,3E8N,MEK1
VYI,5APH,Rorc
W19,3W33,EGFR
W2P,3W2P,EGFR
W2R,3W2R,EGFR
W2R,3W2S,EGFR
W32,3W32,EGFR
WAI,1Y2F,ZipA
WCU,5MYW,Ethr
WI4,4BO5,Fabg
WY1,5HA7,Akr1B1
WY1,4BCR,Ppara
X0A,3QQH,Cdk2
X20,4C4I,TTR
X21,4C4J,TTR
X26,6CIS,Brd4
X27,6CJ2,Brd4
X30,5W55,Brd4
X3G,4XG3,Syk
X4G,4XG4,Syk
X5G,5GHV,Syk
X6G,4XG6,Syk
X7G,4XG7,Syk
X8G,4XG8,Syk
X9G,4XG9,Syk
XL5,6NVJ,Fgfr4
XL6,6NVH,Fgfr4
XL6,6NVL,Fgfr1
XL7,6NVI,Fgfr4
XL8,6NVG,Fgfr4
XNA,3QA2,Khk
XNB,3Q92,Khk
XNM,3RZF,Ikbkb
XNN,3QAI,Khk
XR1,4EQC,Pak1
XU2,4JAI,Aurka
XYW,5AR8,Ripk2
XZ1,6KO9,RamR
XZN,5VCZ,Pkmyt1
XZN,5VC4,Wee1
XZN,4BC6,Stk10
YAM,3BZ3,FAK
YAM,5TOB,FAK2
YAM,5X4O,Bcl6
YM7,2YM7,Chk1
YM8,2YM8,Chk1
YQY,4ANB,MEK1
YUN,4LL0,EGFR
YUN,4LRM,EGFR
YY3,4ZAU,EGFR
YY4,6C1B,Fgfr1
Z48,3I5Z,ERK2
Z48,3I4B,Gsk3B
Z72,3LY2,Pde4B
ZD6,2IVU,Ret
ZTX,3ZTX,Aurkb
ZUQ,5FRI,ALK5
ZZ0,2WMD,Nmral1
ZZF,2WOU,ALK5
ZZG,2WOT,ALK5
ZZL,5IA1,Epha2
ZZL,2WTW,Aurka
ZZL,2X81,Aurka
ZZL,2WTV,Aurka
